username,has_profile_pic,followers,following,post_count,follow_ratio,bio_length,contains_link,suspicious_keywords_present,mentions_count,emoji_in_bio,is_verified,digit_count_in_username,label
aazain.siddiqui,TRUE,422,631,3,0.67,43,FALSE,FALSE,1,TRUE,FALSE,0,1
tahir_khan099,TRUE,571,306,0,1.87,4,FALSE,FALSE,0,FALSE,FALSE,3,1
akhassan12,TRUE,244,259,0,0.94,0,FALSE,FALSE,0,FALSE,FALSE,2,1
zaid_shaikh078,FALSE,63,133,0,0.47,22,FALSE,FALSE,0,TRUE,FALSE,3,1
_ts_asad,TRUE,371,106,9,3.5,95,FALSE,FALSE,2,TRUE,FALSE,0,1
saalam_kh46,TRUE,396,425,1,0.93,24,FALSE,FALSE,0,FALSE,FALSE,2,1
ismaill_shaikhh,FALSE,208,240,0,0.87,35,FALSE,FALSE,0,TRUE,FALSE,0,1
khansahab_.45,TRUE,438,851,6,0.51,18,FALSE,FALSE,0,TRUE,FALSE,2,1
adiiiiii_dete1811,TRUE,521,1717,1,0.3,1,FALSE,FALSE,0,TRUE,FALSE,4,1
aman.khaanik,TRUE,355,371,0,0.96,15,FALSE,FALSE,0,TRUE,FALSE,0,1
aadil.kumshi._,FALSE,168,579,1,0.29,45,FALSE,FALSE,1,TRUE,FALSE,0,1
tanmayrathodd,TRUE,204,189,5,1.08,22,FALSE,FALSE,0,TRUE,FALSE,0,1
pendharinazneen,FALSE,67,98,0,0.68,0,FALSE,FALSE,0,FALSE,FALSE,0,1
lowkeymoin,TRUE,56,219,0,0.26,28,FALSE,FALSE,0,TRUE,FALSE,0,1
ahmed_qureshi1492,TRUE,55,184,0,0.3,0,FALSE,FALSE,0,FALSE,FALSE,4,1
ibrahim__maniyar,TRUE,321,313,0,1.03,35,FALSE,FALSE,0,TRUE,FALSE,0,1
jamil_kht,TRUE,273,491,0,0.56,3,FALSE,FALSE,0,TRUE,FALSE,0,1
zaid_farooqui_18,TRUE,497,305,0,1.63,3,FALSE,FALSE,0,TRUE,FALSE,2,1
ayub_44_,TRUE,39,41,0,0.95,36,FALSE,FALSE,0,TRUE,FALSE,2,1
hannan_shemle,TRUE,156,145,0,1.08,0,FALSE,FALSE,0,FALSE,FALSE,0,1
ashutoshvinodsingh29,TRUE,92,201,29,0.46,0,FALSE,FALSE,0,FALSE,FALSE,2,1
shaan_sakharkar.official,TRUE,50,39,0,1.28,121,FALSE,TRUE,0,TRUE,FALSE,0,1
aryanb1511,TRUE,414,192,6,2.16,6,FALSE,FALSE,0,FALSE,FALSE,4,1
_nehalshaikh_15,TRUE,339,578,9,0.59,34,FALSE,FALSE,0,TRUE,FALSE,2,1
_sarmad.sk,FALSE,674,251,4,2.69,0,FALSE,FALSE,0,FALSE,FALSE,0,1
k._sharib_,TRUE,113,112,0,1.01,0,FALSE,FALSE,0,FALSE,FALSE,0,1
saifsk3429,TRUE,295,316,1,0.93,12,FALSE,FALSE,0,TRUE,FALSE,4,1
aakash_yv_,TRUE,72,74,0,0.97,0,FALSE,FALSE,0,FALSE,FALSE,0,1
omair___mohammad___khan___10,TRUE,52,115,0,0.45,5,FALSE,FALSE,0,TRUE,FALSE,2,1
anishhh__07,TRUE,276,413,0,0.67,17,FALSE,FALSE,0,FALSE,FALSE,2,1
murtaza.sakarwala,TRUE,157,162,0,0.97,7,FALSE,FALSE,0,TRUE,FALSE,0,1
md_shafe_,TRUE,120,145,0,0.83,0,FALSE,FALSE,0,FALSE,FALSE,0,1
ll_faisalll,TRUE,619,191,0,3.24,50,FALSE,FALSE,0,TRUE,FALSE,0,1
zaidk.han8948,TRUE,449,419,0,1.07,54,FALSE,FALSE,0,TRUE,FALSE,4,1
abulaasqureshi,TRUE,416,509,0,0.82,31,FALSE,FALSE,0,TRUE,FALSE,0,1
brh.k9m1l,TRUE,1400,392,23,3.57,0,FALSE,FALSE,0,FALSE,FALSE,2,1
4hmed_5hah,TRUE,7331,91,3,80.56,20,FALSE,FALSE,0,TRUE,FALSE,2,1
hanchate_sanket,TRUE,407,639,2,0.64,46,FALSE,FALSE,0,TRUE,FALSE,0,1
haaris__jr__10,FALSE,355,661,0,0.54,9,FALSE,FALSE,0,FALSE,FALSE,2,1
kunal0330,TRUE,268,385,0,0.7,20,FALSE,FALSE,0,TRUE,FALSE,4,1
rxhil_77,TRUE,161,525,0,0.31,52,FALSE,FALSE,0,TRUE,FALSE,2,1
yusufkondkari_,TRUE,388,1197,0,0.32,25,FALSE,FALSE,0,TRUE,FALSE,0,1
k_qureshi8,FALSE,349,257,0,1.36,23,TRUE,FALSE,0,TRUE,FALSE,1,1
syed_isar,TRUE,115,158,0,0.73,72,FALSE,FALSE,0,TRUE,FALSE,0,1
shaikhfahad14,TRUE,47,249,0,0.19,0,FALSE,FALSE,0,FALSE,FALSE,2,1
tauheed_476,FALSE,46,46,0,1,0,FALSE,FALSE,0,FALSE,FALSE,3,1
rugved_patil_14,TRUE,426,823,14,0.52,17,FALSE,FALSE,0,FALSE,FALSE,2,1
usmani_mariyam_,TRUE,120,120,0,1,44,FALSE,FALSE,0,TRUE,FALSE,0,1
kulsumsayed_,TRUE,945,790,26,1.2,47,FALSE,FALSE,0,TRUE,FALSE,0,1
khush_itripathi03,TRUE,103,149,2,0.69,26,FALSE,FALSE,0,TRUE,FALSE,2,1
thepersonal331,TRUE,22,806,0,0.03,0,FALSE,FALSE,0,FALSE,FALSE,3,1
mohdsalique786,TRUE,307,320,0,0.96,0,FALSE,FALSE,0,FALSE,FALSE,3,1
shahzan_08,TRUE,124,213,14,0.58,10,FALSE,FALSE,0,TRUE,FALSE,2,1
par.thx03,TRUE,365,409,0,0.89,5,FALSE,FALSE,0,TRUE,FALSE,2,1
_aphylium_un_25_,TRUE,141,268,0,0.53,59,FALSE,FALSE,0,TRUE,FALSE,2,1
nameissuyash,TRUE,313,543,9,0.58,22,FALSE,FALSE,0,FALSE,FALSE,0,1
purviii_shah,TRUE,205,234,13,0.88,0,FALSE,FALSE,0,FALSE,FALSE,0,1
pathanpvt_786,TRUE,48,42,2,1.14,0,FALSE,FALSE,0,FALSE,FALSE,3,1
rahil_d3a,TRUE,539,426,0,1.27,16,FALSE,FALSE,0,TRUE,FALSE,1,1
cantwithibaad,TRUE,451,354,0,1.27,41,FALSE,FALSE,0,TRUE,FALSE,0,1
ayan_hanma,FALSE,373,627,0,0.59,0,FALSE,FALSE,0,FALSE,FALSE,0,1
wannabe_krystum,TRUE,250,304,3,0.82,14,FALSE,FALSE,0,FALSE,FALSE,0,1
b_nooh4,TRUE,104,173,2,0.6,0,FALSE,FALSE,0,FALSE,FALSE,1,1
dani_yal.3791,TRUE,52,118,0,0.44,13,FALSE,FALSE,0,TRUE,FALSE,4,1
dhongreafnan,FALSE,128,143,0,0.9,0,FALSE,FALSE,0,FALSE,FALSE,0,1
aayushhh.a,TRUE,298,238,0,1.25,19,FALSE,FALSE,0,TRUE,FALSE,0,1
truptgaikwad,TRUE,196,157,0,1.25,0,FALSE,FALSE,0,FALSE,FALSE,0,1
alkaseemmalik,TRUE,1528,285,47,5.36,0,FALSE,FALSE,0,FALSE,FALSE,0,1
iam_danishsiddiqui,TRUE,596,827,1,0.72,10,FALSE,FALSE,0,FALSE,FALSE,0,1
talhamahapule,TRUE,317,292,10,1.09,108,FALSE,FALSE,0,TRUE,FALSE,0,1
a_l_f_a_i_z_07_,TRUE,315,409,9,0.77,29,FALSE,FALSE,0,FALSE,FALSE,2,1
_ashfaq_303,TRUE,409,231,0,1.77,0,FALSE,FALSE,0,FALSE,FALSE,3,1
princess_chandni_03,TRUE,245,418,4,0.59,101,FALSE,FALSE,0,TRUE,FALSE,2,1
mustafa_kumshi,TRUE,284,393,1,0.72,14,FALSE,FALSE,0,FALSE,FALSE,0,1
nameissuyash,TRUE,313,543,9,0.58,22,FALSE,FALSE,0,FALSE,FALSE,0,1
truptgaikwad,TRUE,196,157,0,1.25,0,FALSE,FALSE,0,FALSE,FALSE,0,1
cantwithibaad,TRUE,451,354,0,1.27,41,FALSE,FALSE,0,TRUE,FALSE,0,1
purviii_shah,TRUE,205,234,13,0.88,0,FALSE,FALSE,0,FALSE,FALSE,0,1
siddharth.shah04,TRUE,1606,1282,64,1.25,140,TRUE,TRUE,3,TRUE,FALSE,2,1
mayumalpute5557,TRUE,1118,322,43,3.47,127,FALSE,FALSE,1,TRUE,FALSE,4,1
avjit.bukka_878,TRUE,570,835,60,0.68,11,FALSE,FALSE,0,TRUE,FALSE,3,1
harshahh21,TRUE,653,1498,1,0.44,0,FALSE,FALSE,0,FALSE,FALSE,2,1
_yash_gonte_,TRUE,1684,1286,150,1.31,57,FALSE,FALSE,0,TRUE,FALSE,0,1
wbu.prathamm,TRUE,472,419,5,1.13,31,FALSE,FALSE,0,FALSE,FALSE,0,1
martial_artist_arafat,TRUE,649,379,2,1.71,106,FALSE,FALSE,0,TRUE,FALSE,0,1
super___sagar,TRUE,682,979,70,0.7,24,FALSE,FALSE,0,TRUE,FALSE,0,1
param23_11,TRUE,414,438,8,0.95,38,FALSE,FALSE,0,TRUE,FALSE,4,1
akki_4476,TRUE,475,361,92,1.32,0,TRUE,FALSE,0,FALSE,FALSE,4,1
ronak_730,TRUE,527,435,0,1.21,2,FALSE,FALSE,0,TRUE,FALSE,3,1
harshh_thakkar,TRUE,1132,981,13,1.15,52,FALSE,FALSE,0,TRUE,FALSE,0,1
saif_shaikh_0711,TRUE,291,151,19,1.93,15,FALSE,FALSE,0,TRUE,FALSE,4,1
asp9417,TRUE,501,509,2,0.98,28,FALSE,FALSE,0,TRUE,FALSE,4,1
prachi.sonawane_,TRUE,466,638,0,0.73,9,FALSE,FALSE,0,TRUE,FALSE,0,1
crazyaartya,TRUE,1850,4097,83,0.45,36,FALSE,FALSE,1,TRUE,FALSE,0,1
yash._patil_.07,TRUE,1881,839,0,2.24,0,FALSE,FALSE,0,FALSE,FALSE,2,1
jatin._.1010,TRUE,430,380,5,1.13,1,TRUE,FALSE,0,TRUE,FALSE,4,1
the.uncommon.04,TRUE,310,393,224,0.79,130,TRUE,FALSE,1,TRUE,FALSE,2,1
sanika_2605,TRUE,302,344,11,0.88,0,FALSE,FALSE,0,FALSE,FALSE,4,1
ashhuu_07,TRUE,372,429,3,0.87,32,FALSE,FALSE,0,TRUE,FALSE,2,1
surjeetkaurbons,TRUE,618,1084,13,0.57,0,FALSE,FALSE,0,FALSE,FALSE,0,1
_aditi._.surve_,TRUE,431,432,7,1,32,FALSE,FALSE,0,TRUE,FALSE,0,1
prathamesh._.9264,TRUE,483,423,7,1.14,28,FALSE,FALSE,0,TRUE,FALSE,4,1
manthan_here_,TRUE,580,795,2,0.73,90,FALSE,FALSE,0,TRUE,FALSE,0,1
shreyashpawar0907,TRUE,240,544,3,0.44,0,FALSE,FALSE,0,FALSE,FALSE,4,1
oreodolphin__69,TRUE,569,555,3,1.03,22,FALSE,FALSE,0,TRUE,FALSE,2,1
_gautammm02_,TRUE,298,348,0,0.86,0,FALSE,FALSE,0,FALSE,FALSE,2,1
ayush_pandey_x11,FALSE,940,479,0,1.96,48,FALSE,FALSE,0,TRUE,FALSE,2,1
martial.pvt,TRUE,45,48,0,0.94,98,FALSE,FALSE,0,TRUE,FALSE,0,1
r_a_h_u_l___27,TRUE,836,666,17,1.26,17,FALSE,FALSE,0,TRUE,FALSE,2,1
aviraj_awasthi_,TRUE,381,396,8,0.96,22,FALSE,FALSE,0,FALSE,FALSE,0,1
yaaash16_,TRUE,222,235,0,0.94,27,FALSE,FALSE,0,TRUE,FALSE,2,1
amruta.rathod96,TRUE,58,92,12,0.63,0,FALSE,FALSE,0,FALSE,FALSE,2,1
rohann._.15,TRUE,1197,1477,0,0.81,4,FALSE,FALSE,0,TRUE,FALSE,2,1
yog___2005,TRUE,247,234,3,1.06,60,FALSE,FALSE,0,TRUE,FALSE,4,1
the.aditya.nair,TRUE,442,629,3,0.7,41,FALSE,FALSE,0,TRUE,FALSE,0,1
ma_yank179,TRUE,357,716,0,0.5,0,FALSE,FALSE,0,FALSE,FALSE,3,1
__asavari__896,TRUE,306,241,1,1.27,35,FALSE,FALSE,0,TRUE,FALSE,3,1
sakshi_asodekar,TRUE,467,561,0,0.83,2,FALSE,FALSE,0,TRUE,FALSE,0,1
harshal__5999,TRUE,609,596,8,1.02,68,FALSE,FALSE,1,TRUE,FALSE,4,1
_vaish9__,TRUE,496,1911,23,0.26,30,FALSE,FALSE,0,TRUE,FALSE,1,1
tanmay.kadam_10,TRUE,560,582,26,0.96,92,FALSE,FALSE,1,TRUE,FALSE,2,1
riishi_kashyap,TRUE,215,494,2,0.44,53,FALSE,FALSE,0,TRUE,FALSE,0,1
_sumeet21_,TRUE,413,512,5,0.81,27,FALSE,FALSE,0,TRUE,FALSE,2,1
iamamit_21,TRUE,455,910,5,0.5,8,FALSE,FALSE,0,TRUE,FALSE,2,1
adityaaaaaa.04,TRUE,909,803,14,1.13,29,FALSE,FALSE,1,TRUE,FALSE,2,1
sanika_gire_,TRUE,679,641,48,1.06,48,FALSE,FALSE,0,TRUE,FALSE,0,1
pranavsapkal__,TRUE,511,622,6,0.82,27,FALSE,FALSE,0,TRUE,FALSE,0,1
akash.u.7104,TRUE,369,518,30,0.71,0,FALSE,FALSE,0,FALSE,FALSE,4,1
_.vedanti._05,TRUE,407,423,9,0.96,33,FALSE,FALSE,1,TRUE,FALSE,2,1
atharvthecalm,TRUE,1127,723,3,1.56,14,FALSE,FALSE,0,FALSE,FALSE,0,1
_queeenbee._,TRUE,261,374,15,0.7,9,FALSE,FALSE,0,TRUE,FALSE,0,1
varun.rathod.63,FALSE,297,355,3,0.84,30,TRUE,FALSE,0,TRUE,FALSE,2,1
suyash_sp23,TRUE,787,376,4,2.09,13,FALSE,FALSE,0,TRUE,FALSE,2,1
sonam_5004,TRUE,190,386,0,0.49,6,FALSE,FALSE,0,FALSE,FALSE,4,1
rockyplay_live,TRUE,232,265,22,0.88,140,TRUE,TRUE,0,TRUE,FALSE,0,1
shivangidthakur,TRUE,325,349,25,0.93,0,FALSE,FALSE,0,FALSE,FALSE,0,1
_birendra_24,FALSE,168,5283,0,0.03,67,FALSE,FALSE,0,TRUE,FALSE,2,1
dr.bhagya7,TRUE,141,96,36,1.47,49,FALSE,FALSE,0,TRUE,FALSE,1,1
sujatarathod,TRUE,145,171,112,0.85,58,TRUE,FALSE,1,TRUE,FALSE,0,1
mahuadwivedi,FALSE,48,56,0,0.86,0,FALSE,FALSE,0,FALSE,FALSE,0,1
justafazz,TRUE,35,35,1,1,0,FALSE,FALSE,0,FALSE,FALSE,0,1
ananyapvt2053,TRUE,59,59,7,1,25,FALSE,FALSE,1,TRUE,FALSE,4,1
navimumbye,TRUE,6721,998,107,6.73,83,FALSE,TRUE,0,TRUE,FALSE,0,1
be_mylow,TRUE,53,53,3,1,39,FALSE,FALSE,1,TRUE,FALSE,0,1
aryannaik1605,TRUE,370,312,6,1.19,0,FALSE,FALSE,0,FALSE,FALSE,4,1
solitary20._,TRUE,75,104,0,0.72,12,TRUE,FALSE,0,FALSE,FALSE,2,1
justt.zobiya,TRUE,29,26,0,1.12,40,FALSE,FALSE,0,TRUE,FALSE,0,1
navin_sharma508,TRUE,99,98,12,1.01,45,TRUE,FALSE,1,TRUE,FALSE,3,1
amritasamanta86,TRUE,169,296,28,0.57,136,FALSE,FALSE,0,TRUE,FALSE,2,1
_.asad._070,TRUE,763,826,10,0.92,92,FALSE,FALSE,0,TRUE,FALSE,3,1
81nas8,TRUE,264,299,0,0.88,0,FALSE,FALSE,0,FALSE,FALSE,3,1
rafijashaikh123,TRUE,51,85,4,0.6,0,FALSE,FALSE,0,FALSE,FALSE,3,1
hassaan.khan__,TRUE,29,32,0,0.91,0,FALSE,FALSE,0,FALSE,FALSE,0,1
divyesh_in_videsh,TRUE,409,428,10,0.96,97,TRUE,FALSE,0,TRUE,FALSE,0,1
juvi.calliartt,TRUE,168,87,41,1.93,65,FALSE,TRUE,1,TRUE,FALSE,0,1
rehan_shah22,TRUE,293,308,4,0.95,85,FALSE,FALSE,0,TRUE,FALSE,2,1
azim_mens_wear,TRUE,126,211,19,0.6,22,FALSE,FALSE,1,TRUE,FALSE,0,1
random.clicks_by_sujal,TRUE,92,93,4,0.99,5,FALSE,FALSE,0,TRUE,FALSE,0,1
sakshi.pawarr,TRUE,45746,988,97,46.3,139,FALSE,TRUE,3,TRUE,FALSE,0,1
shantxnu.pvt,TRUE,41,42,12,0.98,14,FALSE,FALSE,0,TRUE,FALSE,0,1
capturing_chronicless,TRUE,33,26,4,1.27,45,FALSE,FALSE,0,TRUE,FALSE,0,1
zayed.27_,TRUE,79,85,0,0.93,0,FALSE,FALSE,0,FALSE,FALSE,2,1
_thejerseyquest_,TRUE,100,55,8,1.82,136,TRUE,FALSE,0,TRUE,FALSE,0,1
mohammed_jagda,TRUE,495,760,19,0.65,21,FALSE,FALSE,0,FALSE,FALSE,0,1
_shubham098__,TRUE,126,129,0,0.98,29,FALSE,FALSE,0,TRUE,FALSE,3,1
safartumara,TRUE,160,405,25,0.4,128,FALSE,FALSE,0,TRUE,FALSE,0,1
creative._lj,TRUE,53,113,0,0.47,40,FALSE,FALSE,0,TRUE,FALSE,0,1
adnankonhaii,TRUE,353,558,4,0.63,20,FALSE,FALSE,0,TRUE,FALSE,0,1
muzakkir_mouzzam,TRUE,551,563,81,0.98,0,FALSE,FALSE,0,FALSE,FALSE,0,1
_faazkotawdekar_,TRUE,797,158,3,5.04,14,FALSE,FALSE,1,TRUE,FALSE,0,1
mxhdafaaz,TRUE,561,480,0,1.17,16,FALSE,FALSE,0,TRUE,FALSE,0,1
nad_eem5657,TRUE,107,158,3,0.68,0,FALSE,FALSE,0,FALSE,FALSE,4,1
ziyad.yk,TRUE,674,265,0,2.54,14,FALSE,FALSE,1,TRUE,FALSE,0,1
_.faziaa,TRUE,220,247,0,0.89,23,FALSE,FALSE,0,TRUE,FALSE,0,1
aarya.b__,TRUE,488,456,2,1.07,3,FALSE,FALSE,0,TRUE,FALSE,0,1
ughhzaarraara,TRUE,142,144,0,0.99,53,FALSE,FALSE,2,TRUE,FALSE,0,1
jarves_3000,TRUE,46,48,0,0.96,0,FALSE,FALSE,0,FALSE,FALSE,4,1
alan_john05,TRUE,292,292,0,1,0,FALSE,FALSE,0,FALSE,FALSE,2,1
huze.fa99,TRUE,154,103,0,1.5,0,FALSE,FALSE,0,FALSE,FALSE,2,1
nihal_zzaa_07,TRUE,443,717,16,0.62,0,FALSE,FALSE,0,FALSE,FALSE,2,1
ojask002,TRUE,498,481,3,1.04,0,FALSE,FALSE,0,FALSE,FALSE,3,1
saim_kotawdekar8716,TRUE,50,56,5,0.89,78,FALSE,FALSE,1,TRUE,FALSE,4,1
ruzzaiinn,TRUE,465,459,0,1.01,26,FALSE,FALSE,0,TRUE,FALSE,0,1
shruti26shinde,TRUE,403,404,8,1,128,FALSE,FALSE,0,TRUE,FALSE,2,1
ali_mahimi,TRUE,1104,594,0,1.86,29,FALSE,FALSE,0,TRUE,FALSE,0,1
_.bhosleharsh._,TRUE,682,588,3,1.16,26,FALSE,FALSE,0,TRUE,FALSE,0,1
ameykedare,TRUE,1539,456,101,3.38,1,FALSE,FALSE,0,TRUE,FALSE,0,1
abu_shegle05,TRUE,485,499,31,0.97,20,FALSE,FALSE,0,TRUE,FALSE,2,1
__shaiiinnaa,TRUE,202,389,4,0.52,30,FALSE,FALSE,0,TRUE,FALSE,0,1
haashir_umar,TRUE,168,251,3,0.67,78,FALSE,FALSE,1,TRUE,FALSE,0,1
sayana_s68,TRUE,297,386,5,0.77,1,FALSE,FALSE,0,TRUE,FALSE,2,1
rakesh__17_,TRUE,976,760,85,1.28,28,FALSE,FALSE,0,TRUE,FALSE,2,1
d_gyanchandani,TRUE,241,250,0,0.96,0,FALSE,FALSE,0,FALSE,FALSE,0,1
akshaysharma2005_,TRUE,568,621,0,0.91,0,FALSE,FALSE,0,FALSE,FALSE,4,1
sudhir_kurmi_56,TRUE,216,157,8,1.38,81,FALSE,FALSE,0,TRUE,FALSE,2,1
daniya_mirkar,FALSE,190,350,33,0.54,101,FALSE,FALSE,0,TRUE,FALSE,0,1
malviikaaa._,TRUE,157,185,78,0.85,51,FALSE,FALSE,0,TRUE,FALSE,0,1
nair.adhira,TRUE,429,960,3,0.45,5,FALSE,FALSE,0,FALSE,FALSE,0,1
anas.khatri1,TRUE,526,421,0,1.25,31,FALSE,FALSE,0,FALSE,FALSE,1,1
kartik_meriya_arts,TRUE,134,142,34,0.94,0,FALSE,FALSE,0,FALSE,FALSE,0,1
thanay.shetty.7,TRUE,657,722,1,0.91,37,FALSE,FALSE,0,TRUE,FALSE,1,1
_saqlainmulla_,TRUE,134,129,16,1.04,33,FALSE,FALSE,1,TRUE,FALSE,0,1
rehmxnn_,TRUE,158,130,0,1.22,11,FALSE,FALSE,0,TRUE,FALSE,0,1
sakshi_shetty02,TRUE,958,971,70,0.99,44,FALSE,FALSE,0,TRUE,FALSE,2,1
danny23_05,TRUE,116,176,0,0.66,20,FALSE,FALSE,0,FALSE,FALSE,4,1
prachikotian_,TRUE,1627,861,28,1.89,111,TRUE,FALSE,1,TRUE,FALSE,0,1
waristhakur,TRUE,1152,987,203,1.17,38,TRUE,FALSE,1,TRUE,FALSE,0,1
bhaktik_0403,TRUE,163,184,0,0.89,0,FALSE,FALSE,0,FALSE,FALSE,4,1
aditya_4__20,TRUE,177,171,2,1.04,0,FALSE,FALSE,0,FALSE,FALSE,3,1
farhannnn.21,FALSE,163,130,0,1.25,0,FALSE,FALSE,0,FALSE,FALSE,2,1
fatima_thakur62,FALSE,10,580,0,0.02,0,FALSE,FALSE,0,FALSE,FALSE,2,1
__abhishekhshetty,TRUE,411,978,0,0.42,2,FALSE,FALSE,0,FALSE,FALSE,0,1
harshvardhan_savane,TRUE,232,375,0,0.62,21,FALSE,FALSE,0,TRUE,FALSE,0,1
salman_kotawdekar,TRUE,129,367,6,0.35,0,FALSE,FALSE,0,FALSE,FALSE,0,1
_.shubhrraa._,TRUE,322,365,13,0.88,48,FALSE,FALSE,0,TRUE,FALSE,0,1
sohail_shaikh__2098,TRUE,233,490,3,0.48,0,FALSE,FALSE,0,FALSE,FALSE,4,1
_.sajidaaaa._,TRUE,188,203,0,0.93,0,FALSE,FALSE,0,FALSE,FALSE,0,1
daniishjawaid,TRUE,586,410,3,1.43,0,FALSE,FALSE,0,FALSE,FALSE,0,1
gediavyomaaa,TRUE,479,477,0,1,48,FALSE,FALSE,1,TRUE,FALSE,0,1
abdul_rehman_n_khatib,TRUE,108,116,4,0.93,83,FALSE,FALSE,0,TRUE,FALSE,0,1
bemy_tomyk,TRUE,337,418,5,0.81,2,FALSE,FALSE,0,FALSE,FALSE,0,1
amirsohail83,TRUE,142,192,237,0.74,81,FALSE,FALSE,0,TRUE,FALSE,2,1
aazain_pvttt,TRUE,19,19,1,1,3,FALSE,FALSE,0,TRUE,FALSE,0,1
suja.lol.16,TRUE,547,789,2,0.69,149,FALSE,FALSE,1,TRUE,FALSE,2,1
mufeezshaikh_05,TRUE,239,260,0,0.92,54,FALSE,FALSE,0,TRUE,FALSE,2,1
rukhsar.mirkar.9,TRUE,186,344,0,0.54,0,FALSE,FALSE,0,FALSE,FALSE,1,1
diwan_kadir,TRUE,229,558,0,0.41,0,FALSE,FALSE,0,FALSE,FALSE,0,1
huzzzi_shk,TRUE,157,491,5,0.32,68,FALSE,FALSE,0,FALSE,FALSE,0,1
codewithadiii,TRUE,43,26,8,1.65,139,TRUE,TRUE,0,TRUE,FALSE,0,1
kaif_050,TRUE,1603,467,32,3.43,59,FALSE,FALSE,0,TRUE,FALSE,3,1
z.maniyar8,TRUE,696,271,5,2.57,16,FALSE,FALSE,0,TRUE,FALSE,1,1
_.amin_hamdulay._,TRUE,198,205,0,0.97,60,FALSE,FALSE,0,TRUE,FALSE,0,1
ananyaakurup,TRUE,42537,975,196,43.63,34,TRUE,FALSE,0,TRUE,FALSE,0,1
shama_fabrics_2024,TRUE,24,4,5,6,150,TRUE,FALSE,0,TRUE,FALSE,4,1
hunerkar.heena,TRUE,17,43,0,0.4,0,FALSE,FALSE,0,FALSE,FALSE,0,1
sumit_wad3kar,TRUE,160,190,0,0.84,8,FALSE,FALSE,0,TRUE,FALSE,1,1
aidhsar,TRUE,7364,243,0,30.3,23,FALSE,FALSE,1,TRUE,TRUE,0,1
mubashshir_shaikh_,FALSE,119,103,0,1.16,16,FALSE,FALSE,0,TRUE,FALSE,0,1
_siiddooo_,TRUE,234,228,1,1.03,0,TRUE,FALSE,0,FALSE,FALSE,0,1
prahul_2,TRUE,335,652,1,0.51,13,FALSE,FALSE,0,FALSE,FALSE,1,1
_sleepwellz11_,TRUE,265,176,1,1.51,0,FALSE,FALSE,0,FALSE,FALSE,2,1
muzzammil_amrelia,TRUE,536,404,9,1.33,7,FALSE,FALSE,0,TRUE,FALSE,0,1
ruhina_hodekar,TRUE,105,97,12,1.08,0,FALSE,FALSE,0,FALSE,FALSE,0,1
shutup.shaad,TRUE,135,176,0,0.77,28,FALSE,FALSE,0,FALSE,FALSE,0,1
zaaeenaa,TRUE,129,126,1,1.02,11,FALSE,FALSE,0,TRUE,FALSE,0,1
not_rehan_011,TRUE,112,214,0,0.52,0,FALSE,FALSE,0,FALSE,FALSE,3,1
_siddhantx,TRUE,159,195,0,0.82,0,FALSE,FALSE,0,FALSE,FALSE,0,1
jeet_suchdev,TRUE,299,515,3,0.58,0,FALSE,FALSE,0,FALSE,FALSE,0,1
aayusshhh07,TRUE,612,675,0,0.91,72,FALSE,FALSE,1,TRUE,FALSE,2,1
bilalsheikh_786,TRUE,241,499,37,0.48,66,FALSE,FALSE,0,TRUE,FALSE,3,1
maeer_24,TRUE,1090,348,12,3.13,0,FALSE,FALSE,0,FALSE,FALSE,2,1
basilparkar.18,TRUE,490,574,5,0.85,2,FALSE,FALSE,0,TRUE,FALSE,2,1
_sakshiyadav_7,TRUE,196,218,0,0.9,0,FALSE,FALSE,0,FALSE,FALSE,1,1
mr_qureshi_29,TRUE,385,264,10,1.46,13,FALSE,FALSE,0,TRUE,FALSE,2,1
adib_asif,TRUE,905,887,100,1.02,0,FALSE,FALSE,0,FALSE,FALSE,0,1
qaisrizvi,TRUE,618,454,9,1.36,47,FALSE,FALSE,1,TRUE,FALSE,0,1
_ilyaaron,TRUE,1204,440,0,2.74,21,FALSE,FALSE,1,TRUE,FALSE,0,1
sanmay.padole,TRUE,226,285,0,0.79,0,FALSE,FALSE,0,FALSE,FALSE,0,1
aarebb_khan,TRUE,234,238,0,0.98,0,FALSE,FALSE,0,FALSE,FALSE,0,1
pjistrying,TRUE,543,757,0,0.72,101,FALSE,FALSE,0,TRUE,FALSE,0,1
sahilshaik.h,FALSE,131,154,16,0.85,0,FALSE,FALSE,0,FALSE,FALSE,0,1
_.ziyxn_photography._,TRUE,181,327,36,0.55,107,FALSE,TRUE,0,TRUE,FALSE,0,1
asirrak,TRUE,464,1646,22,0.28,37,FALSE,FALSE,0,TRUE,FALSE,0,1
jaidenjohn17,TRUE,726,659,10,1.1,83,FALSE,FALSE,0,TRUE,FALSE,2,1
_.jayy.31,TRUE,464,433,4,1.07,0,FALSE,FALSE,0,FALSE,FALSE,2,1
furqxn_s,TRUE,62,85,0,0.73,2,FALSE,FALSE,0,TRUE,FALSE,0,1
sushant_.gawade,TRUE,240,303,5,0.79,50,FALSE,FALSE,0,TRUE,FALSE,0,1
__rishikaa_,TRUE,977,858,3,1.14,7,FALSE,FALSE,0,TRUE,FALSE,0,1
_anagha.29,FALSE,1081,696,9,1.55,2,FALSE,FALSE,0,TRUE,FALSE,2,1
aldrinnsajuu,TRUE,844,711,3,1.19,9,FALSE,FALSE,0,TRUE,FALSE,0,1
_ahteshamul_ansari_,TRUE,174,189,14,0.92,134,FALSE,FALSE,0,TRUE,FALSE,0,1
fr.ahaadd,TRUE,1169,1150,0,1.02,5,FALSE,FALSE,0,TRUE,FALSE,0,1
shravani_nimbalkar29,TRUE,517,514,0,1.01,13,FALSE,FALSE,0,TRUE,FALSE,2,1
afsarimirkar,TRUE,275,317,8,0.87,0,FALSE,FALSE,0,FALSE,FALSE,0,1
arxan_2606,TRUE,488,479,21,1.02,56,FALSE,FALSE,0,TRUE,FALSE,4,1
daeemkotawdekar123gmail.com7,FALSE,36,200,0,0.18,0,FALSE,FALSE,0,FALSE,FALSE,4,1
_ratnesh.v.sankaran_,TRUE,388,416,19,0.93,76,FALSE,FALSE,1,TRUE,FALSE,0,1
laughter_to_world,TRUE,1550,3322,434,0.47,108,FALSE,FALSE,1,TRUE,FALSE,0,1
aditisharma7219,TRUE,18,106,7,0.17,16,FALSE,FALSE,0,FALSE,FALSE,4,1
siddhirita1,TRUE,29,110,22,0.26,57,FALSE,FALSE,0,TRUE,FALSE,1,1
_.xayn_aa._,TRUE,53,52,1,1.02,99,FALSE,FALSE,0,TRUE,FALSE,0,1
_sumit.phalke_,TRUE,629,610,4,1.03,20,FALSE,FALSE,0,TRUE,FALSE,0,1
sania_kotawdekar,TRUE,207,376,39,0.55,86,FALSE,FALSE,0,TRUE,FALSE,0,1
aniruddhaa18,TRUE,891,1618,2,0.55,0,FALSE,FALSE,0,FALSE,FALSE,2,1
shama_azim04,FALSE,9,11,0,0.82,0,FALSE,FALSE,0,FALSE,FALSE,2,1
iam_alfahadmalik,TRUE,350,188,0,1.86,23,FALSE,FALSE,0,TRUE,FALSE,0,1
navin45689,TRUE,162,189,14,0.86,50,TRUE,FALSE,1,TRUE,FALSE,5,1
mr__m.ronak,TRUE,382,368,2,1.04,52,FALSE,FALSE,0,TRUE,FALSE,0,1
kartik_meriya,TRUE,261,355,0,0.74,0,FALSE,FALSE,0,FALSE,FALSE,0,1
sundeep_d_singha_,TRUE,32,40,0,0.8,0,FALSE,FALSE,0,FALSE,FALSE,0,1
swayam_vs,TRUE,357,440,0,0.81,34,FALSE,FALSE,0,TRUE,FALSE,0,1
9faraaz,TRUE,436,570,6,0.76,9,FALSE,FALSE,0,TRUE,FALSE,1,1
chaman133_1,FALSE,3,2,0,1.5,0,FALSE,FALSE,0,FALSE,FALSE,4,1
txhakhxn,TRUE,362,345,0,1.05,10,FALSE,FALSE,0,FALSE,FALSE,0,1
rifak_2k4,TRUE,469,313,1,1.5,15,FALSE,FALSE,0,TRUE,FALSE,2,1
aafin__18,TRUE,165,130,2,1.27,0,FALSE,FALSE,0,FALSE,FALSE,2,1
bhoomiibafna,TRUE,678,504,3,1.35,22,FALSE,FALSE,0,TRUE,FALSE,0,1
nabeel.shaikh._,TRUE,353,413,1,0.85,42,FALSE,FALSE,0,TRUE,FALSE,0,1
_.hriday29._,TRUE,569,802,3,0.71,0,FALSE,FALSE,0,FALSE,FALSE,2,1
zulfiqargoesinsta,TRUE,1080,1136,23,0.95,40,FALSE,FALSE,0,TRUE,FALSE,0,1
iazma25,TRUE,143,215,9,0.67,66,FALSE,FALSE,0,TRUE,FALSE,2,1
vaidehi.gadekar,TRUE,263,783,12,0.34,42,FALSE,FALSE,0,TRUE,FALSE,0,1
sunnyadav_15,TRUE,264,228,3,1.16,12,FALSE,FALSE,0,TRUE,FALSE,2,1
rxxziii_,TRUE,13388,964,0,13.89,54,FALSE,FALSE,1,TRUE,FALSE,0,1
_lokesh_naidu_07,TRUE,1831,857,4,2.14,140,FALSE,FALSE,2,TRUE,FALSE,2,1
_vish_2996,TRUE,1447,1123,165,1.29,21,TRUE,FALSE,0,TRUE,FALSE,4,1
ft.ipshita,TRUE,1142,788,23,1.45,48,FALSE,FALSE,1,TRUE,FALSE,0,1
azimshah_0111,TRUE,233,55,8,4.24,20,FALSE,FALSE,0,FALSE,FALSE,4,1
vedant_5p22,TRUE,360,688,5,0.52,0,FALSE,FALSE,0,FALSE,FALSE,3,1
amaanpatankar,TRUE,304,333,3,0.91,0,FALSE,FALSE,0,FALSE,FALSE,0,1
musheerme,TRUE,112,118,3,0.95,8,FALSE,FALSE,0,TRUE,FALSE,0,1
sujal_bhor_5,TRUE,343,306,5,1.12,59,FALSE,FALSE,0,FALSE,FALSE,1,1
shreyashdesai_04,TRUE,249,339,2,0.73,0,FALSE,FALSE,0,FALSE,FALSE,2,1
unsiya_nawaz,TRUE,337,1301,48,0.26,0,TRUE,FALSE,0,FALSE,FALSE,0,1
abh1sh3.k,TRUE,1364,1315,2,1.04,21,FALSE,FALSE,0,TRUE,FALSE,2,1
hardikgehlott,TRUE,258,756,0,0.34,1,FALSE,FALSE,0,FALSE,FALSE,0,1
ma_hehe_k,TRUE,415,4819,9,0.09,20,TRUE,FALSE,1,TRUE,FALSE,0,1
nonyabuissnes_,FALSE,299,552,0,0.54,0,FALSE,FALSE,0,FALSE,FALSE,0,1
suhailagk,TRUE,129,84,15,1.54,0,FALSE,FALSE,0,FALSE,FALSE,0,1
sh.ery5116,TRUE,592,7126,0,0.08,19,FALSE,FALSE,0,FALSE,FALSE,4,1
mr.kunal_23,TRUE,330,342,6,0.96,18,TRUE,FALSE,1,TRUE,FALSE,2,1
rufy__a.s,TRUE,2935,241,0,12.18,64,FALSE,FALSE,1,TRUE,FALSE,0,1
amaan.fkhan,TRUE,491,515,8,0.95,11,FALSE,FALSE,0,TRUE,FALSE,0,1
_amaan_1197_,TRUE,422,685,59,0.62,116,FALSE,FALSE,0,TRUE,FALSE,4,1
baseet_sk,TRUE,311,1004,2,0.31,0,FALSE,FALSE,0,FALSE,FALSE,0,1
saif_mkr,TRUE,507,472,0,1.07,46,TRUE,FALSE,0,TRUE,FALSE,0,1
maitrxy__,TRUE,486,668,27,0.73,0,FALSE,FALSE,0,FALSE,FALSE,0,1
abdulmunafhodekar,TRUE,147,34,5,4.32,0,FALSE,FALSE,0,FALSE,FALSE,0,1
nawazbargir,TRUE,446,384,15,1.16,0,FALSE,FALSE,0,FALSE,FALSE,0,1
nooman95,FALSE,150,607,0,0.25,19,FALSE,FALSE,1,TRUE,FALSE,2,1
football.f.a.n.s,TRUE,775,3856,80,0.2,59,FALSE,FALSE,0,TRUE,FALSE,0,1
ahmed.raza1224,TRUE,312,318,2,0.98,12,FALSE,FALSE,0,TRUE,FALSE,4,1
prachi_salvi_,TRUE,1133,1588,107,0.71,7,FALSE,FALSE,0,FALSE,FALSE,0,1
manish_ghanshanii,TRUE,205,267,3,0.77,23,FALSE,FALSE,0,TRUE,FALSE,0,1
taif._.45,TRUE,205,877,1,0.23,40,FALSE,FALSE,0,TRUE,FALSE,2,1
ho3verb0ard,TRUE,350,467,9,0.75,12,FALSE,FALSE,0,FALSE,FALSE,2,1
pradnya_spg,TRUE,394,1106,73,0.36,13,FALSE,FALSE,0,TRUE,FALSE,0,1
ziyxxa__,TRUE,372,326,1,1.14,0,FALSE,FALSE,0,FALSE,FALSE,0,1
arooshq_,TRUE,218,322,0,0.68,11,FALSE,FALSE,1,TRUE,FALSE,0,1
adeeb.fr,FALSE,164,627,0,0.26,0,FALSE,FALSE,0,FALSE,FALSE,0,1
danishwasta22,TRUE,176,2688,26,0.07,0,FALSE,FALSE,0,FALSE,FALSE,2,1
stephy_1005,TRUE,955,897,8,1.06,38,FALSE,FALSE,0,TRUE,FALSE,4,1
_._.ashraf,TRUE,297,801,11,0.37,118,FALSE,FALSE,0,TRUE,FALSE,0,1
khan_abushahma_,TRUE,626,174,6,3.6,6,FALSE,FALSE,0,FALSE,FALSE,0,1
b.a.b.a.r_m.a.n.i.a.c.s.s,TRUE,1907,6624,0,0.29,56,TRUE,FALSE,0,TRUE,FALSE,0,1
chitrasentalhan143_,TRUE,511,2284,75,0.22,140,FALSE,FALSE,0,TRUE,FALSE,3,1
_prashantt25_,TRUE,405,625,6,0.65,7,FALSE,FALSE,0,FALSE,FALSE,2,1
arsalaan832,TRUE,177,206,0,0.86,0,FALSE,FALSE,0,FALSE,FALSE,3,1
rujul.26,TRUE,129,368,12,0.35,12,FALSE,FALSE,0,TRUE,FALSE,2,1
_.ak._believer__,TRUE,22,356,12,0.06,71,FALSE,FALSE,0,TRUE,FALSE,0,1
itz_darshan_preet,TRUE,650,5435,46,0.12,144,FALSE,FALSE,1,TRUE,FALSE,0,1
yeah_ali_01,FALSE,142,109,2,1.3,89,FALSE,FALSE,0,TRUE,FALSE,2,1
_nouman_k,TRUE,705,664,0,1.06,76,FALSE,FALSE,0,TRUE,FALSE,0,1
sakthiiii.21,TRUE,342,313,0,1.09,0,FALSE,FALSE,0,FALSE,FALSE,2,1
____.faizzzz,TRUE,559,666,1,0.84,26,FALSE,FALSE,0,TRUE,FALSE,0,1
sugel.dilip_,TRUE,578,526,0,1.1,6,FALSE,FALSE,0,FALSE,FALSE,0,1
_mhfzz_04,TRUE,159,364,0,0.44,29,FALSE,FALSE,0,TRUE,FALSE,2,1
aymaan._.shaikh,TRUE,190,178,0,1.07,21,FALSE,FALSE,0,TRUE,FALSE,0,1
prathyush.27_,TRUE,563,525,0,1.07,17,FALSE,FALSE,1,TRUE,FALSE,2,1
really_not_sharon,TRUE,772,787,3,0.98,17,FALSE,FALSE,0,TRUE,FALSE,0,1
siddhigaikd,TRUE,405,538,17,0.75,23,FALSE,FALSE,0,TRUE,FALSE,0,1
_.prernaa,TRUE,519,758,0,0.68,0,FALSE,FALSE,0,FALSE,FALSE,0,1
arbaz_bargir,TRUE,238,666,197,0.36,114,FALSE,FALSE,1,TRUE,FALSE,0,1
krishnaaaa_099,FALSE,550,528,0,1.04,1,FALSE,FALSE,0,TRUE,FALSE,3,1
aafan__0,TRUE,339,775,35,0.44,150,FALSE,FALSE,0,TRUE,FALSE,1,1
904fa.him,TRUE,354,351,3,1.01,0,FALSE,FALSE,0,FALSE,FALSE,3,1
kay_.patil,TRUE,803,954,3,0.84,42,FALSE,FALSE,0,TRUE,FALSE,0,1
arfaanshahh,TRUE,397,385,53,1.03,3,FALSE,FALSE,0,TRUE,FALSE,0,1
rehan_thakur87,FALSE,194,506,3,0.38,0,FALSE,FALSE,0,FALSE,FALSE,2,1
balaji_56890,TRUE,60,210,13,0.29,0,FALSE,FALSE,0,FALSE,FALSE,5,1
darshan____1909,TRUE,266,229,0,1.16,72,FALSE,FALSE,0,TRUE,FALSE,4,1
piy.639,FALSE,5,27,0,0.19,0,FALSE,FALSE,0,FALSE,FALSE,3,1
nihaltandel776,TRUE,355,415,5,0.86,51,FALSE,FALSE,0,TRUE,FALSE,3,1
prajwalpatill7,TRUE,581,639,3,0.91,125,FALSE,FALSE,1,TRUE,FALSE,1,1
vnrnrnr,FALSE,45,1378,57,0.03,0,FALSE,FALSE,0,FALSE,FALSE,0,1
irl.amaan,TRUE,286,611,0,0.47,58,FALSE,FALSE,2,TRUE,FALSE,0,1
muhib_hodekar_,TRUE,6454,1761,292,3.66,99,TRUE,FALSE,0,TRUE,FALSE,0,1
sohban_kotawadekar,TRUE,104,153,0,0.68,0,FALSE,FALSE,0,FALSE,FALSE,0,1
ch.arley6356,FALSE,18,111,0,0.16,0,FALSE,FALSE,0,FALSE,FALSE,4,1
arnab.who.lifts,TRUE,436,3578,6,0.12,85,FALSE,FALSE,1,TRUE,FALSE,0,1
alafiastewart,TRUE,180,6290,44,0.03,17,FALSE,FALSE,0,TRUE,FALSE,0,1
prem_2196,TRUE,69,3094,15,0.02,0,FALSE,FALSE,0,FALSE,FALSE,4,1
kagamishukla_,TRUE,151,806,2,0.19,17,FALSE,FALSE,0,TRUE,FALSE,0,1
theworld_of_wrestling,TRUE,9635,7267,6196,1.33,90,FALSE,FALSE,0,FALSE,FALSE,0,1
spontaneous_dusht,TRUE,504,839,3,0.6,44,FALSE,FALSE,0,FALSE,FALSE,0,1
kicker_and_boxer,TRUE,1858,1614,288,1.15,133,FALSE,FALSE,0,TRUE,FALSE,0,1
15.khn,TRUE,97,357,12,0.27,61,FALSE,FALSE,1,TRUE,FALSE,2,1
anchaaallll,TRUE,504,937,2,0.54,2,FALSE,FALSE,0,TRUE,FALSE,0,1
shivaaaaaaaaaani,TRUE,107,66,15,1.62,3,FALSE,FALSE,0,TRUE,FALSE,0,1
jainamshah0.0,TRUE,183,187,7,0.98,33,FALSE,FALSE,0,TRUE,FALSE,2,1
abdul_sattar8,TRUE,298,534,7,0.56,150,FALSE,FALSE,0,TRUE,FALSE,1,1
sahil_.more,TRUE,919,1008,7,0.91,2,FALSE,FALSE,0,FALSE,FALSE,0,1
mr_raj_kulthe,TRUE,258,238,0,1.08,2,FALSE,FALSE,0,TRUE,FALSE,0,1
arhamfarid3333,TRUE,3191,5670,76,0.56,110,FALSE,FALSE,0,TRUE,FALSE,4,1
jasmeet_5789,FALSE,0,269,4,0,80,FALSE,FALSE,0,TRUE,FALSE,4,1
don_ayan_13,TRUE,307,723,3,0.42,0,FALSE,FALSE,0,FALSE,FALSE,2,1
farzeen_sahil_bhoje,TRUE,793,1368,37,0.58,144,FALSE,TRUE,0,TRUE,FALSE,0,1
shoaib__syd,TRUE,3982,440,0,9.05,0,FALSE,FALSE,0,FALSE,FALSE,0,1
jigs_gada,TRUE,1740,1352,65,1.29,0,FALSE,FALSE,0,FALSE,FALSE,0,1
brahmexh,TRUE,529,675,0,0.78,0,FALSE,FALSE,0,FALSE,FALSE,0,1
negigaurav96,TRUE,418,442,206,0.95,42,FALSE,FALSE,0,TRUE,FALSE,2,1
rupeshrym9,TRUE,80,155,2,0.52,0,FALSE,FALSE,0,FALSE,FALSE,1,1
abdullah_khot_27,TRUE,557,241,26,2.31,83,FALSE,FALSE,0,TRUE,FALSE,2,1
sf_fitness_kalyan,TRUE,98,232,6,0.42,133,TRUE,TRUE,2,TRUE,FALSE,0,1
krupa.raut,TRUE,946,1351,67,0.7,105,FALSE,FALSE,0,FALSE,FALSE,0,1
haider.rehmxn,TRUE,190,424,0,0.45,0,FALSE,FALSE,0,FALSE,FALSE,0,1
12_rajkiran,TRUE,912,1093,1,0.83,67,FALSE,FALSE,0,TRUE,FALSE,2,1
pratgobrrrr,TRUE,323,308,5,1.05,25,FALSE,FALSE,0,FALSE,FALSE,0,1
___prasad_2498,TRUE,408,412,18,0.99,39,FALSE,FALSE,0,TRUE,FALSE,4,1
minipavilion.id,TRUE,15170,4224,9348,3.59,148,TRUE,FALSE,2,TRUE,FALSE,0,1
fitwithprati,TRUE,1310,937,205,1.4,131,FALSE,FALSE,1,TRUE,FALSE,0,1
onesxm,FALSE,1395,868,3,1.61,34,FALSE,FALSE,0,TRUE,FALSE,0,1
womenpower786,TRUE,2387,7474,598,0.32,108,TRUE,FALSE,0,TRUE,FALSE,3,1
iamdinojames008,TRUE,256,3862,1,0.07,6,FALSE,FALSE,0,TRUE,FALSE,3,1
sultan_tanki1,TRUE,310,285,22,1.09,109,FALSE,FALSE,0,TRUE,FALSE,1,1
not_ibrahim2009,TRUE,396,418,0,0.95,91,FALSE,FALSE,0,TRUE,FALSE,4,1
theshashankprasad,TRUE,435,676,3,0.64,56,FALSE,FALSE,0,TRUE,FALSE,0,1
parmjeetsingh1984,TRUE,1801,7500,469,0.24,35,FALSE,FALSE,0,TRUE,FALSE,4,1
its_me_taba,TRUE,184,623,0,0.3,13,FALSE,FALSE,0,FALSE,FALSE,0,1
_bagale.8055,TRUE,636,6644,9,0.1,0,FALSE,FALSE,0,FALSE,FALSE,4,1
smbliv,TRUE,2,5954,0,0,19,FALSE,FALSE,0,TRUE,FALSE,0,1
renshi1719,TRUE,552,3619,19,0.15,0,FALSE,FALSE,0,FALSE,FALSE,4,1
_sanket_sonavane_1011,TRUE,979,2135,49,0.46,6,FALSE,FALSE,0,TRUE,FALSE,4,1
akifakharbe_,TRUE,173,883,0,0.2,15,FALSE,FALSE,0,TRUE,FALSE,0,1
aditya_lawand11,TRUE,263,459,3,0.57,95,FALSE,FALSE,1,TRUE,FALSE,2,1
shifakharbe,TRUE,134,301,2,0.45,0,FALSE,FALSE,0,FALSE,FALSE,0,1
gangashankar62,TRUE,369,1231,118,0.3,0,FALSE,FALSE,0,FALSE,FALSE,2,1
umesh_v_,TRUE,161,242,6,0.67,40,FALSE,FALSE,0,TRUE,FALSE,0,1
pansare_ankita_,TRUE,196,209,20,0.94,41,FALSE,FALSE,0,TRUE,FALSE,0,1
sanchi_jain9,TRUE,337,238,9,1.42,11,TRUE,FALSE,1,TRUE,FALSE,1,1
sameer_7485,TRUE,730,488,11,1.5,4,FALSE,FALSE,0,TRUE,FALSE,4,1
karan_purswani__,TRUE,493,763,8,0.65,30,FALSE,FALSE,0,FALSE,FALSE,0,1
waghvaibhav1987,TRUE,129,17,0,7.59,84,FALSE,TRUE,1,TRUE,FALSE,4,1
_.rushikeshmali._,TRUE,97,126,1,0.77,44,FALSE,FALSE,0,TRUE,FALSE,0,1
parigya.gupta,TRUE,417,568,1,0.73,0,FALSE,FALSE,0,FALSE,FALSE,0,1
aditya_bhoite20,TRUE,262,565,3,0.46,6,FALSE,FALSE,0,FALSE,FALSE,2,1
yashmishra1702___,TRUE,297,378,37,0.79,0,FALSE,FALSE,0,FALSE,FALSE,4,1
_kushhalll_,TRUE,1169,904,3,1.29,37,FALSE,FALSE,1,TRUE,FALSE,0,1
hzmalz,TRUE,351,685,0,0.51,17,FALSE,FALSE,0,TRUE,FALSE,0,1
shivamchauhan25886,FALSE,24,49,0,0.49,0,FALSE,FALSE,0,FALSE,FALSE,5,1
sunnypatel_007,TRUE,516,869,6,0.59,50,FALSE,FALSE,0,TRUE,FALSE,3,1
i._nitikesh._2k,TRUE,371,324,31,1.15,13,FALSE,FALSE,0,TRUE,FALSE,1,1
_.sujal_7574_,FALSE,468,482,4,0.97,0,FALSE,FALSE,0,FALSE,FALSE,4,1
_.puresoulart._,FALSE,61,64,12,0.95,0,FALSE,FALSE,0,FALSE,FALSE,0,1
_ritika.l,FALSE,260,308,0,0.84,0,FALSE,FALSE,0,FALSE,FALSE,0,1
miss_neha_pansare_,TRUE,454,348,57,1.3,61,FALSE,FALSE,0,TRUE,FALSE,0,1
rohit_narsinghani_._,TRUE,268,1217,16,0.22,9,FALSE,FALSE,0,TRUE,FALSE,0,1
sahilkukreja1818,TRUE,162,167,0,0.97,0,FALSE,FALSE,0,FALSE,FALSE,4,1
shreyansh.mehta26,TRUE,542,599,3,0.9,35,FALSE,FALSE,1,TRUE,FALSE,2,1
__siddhesh_._,TRUE,529,674,39,0.78,20,FALSE,FALSE,0,TRUE,FALSE,0,1
georgesstpierre,TRUE,5638577,843,3025,6688.7,77,TRUE,FALSE,0,TRUE,TRUE,0,1
miketyson,TRUE,33441173,303,1689,110366.91,130,TRUE,FALSE,3,TRUE,TRUE,0,1
zakirkhan_208,TRUE,6796121,1475,697,4607.54,44,TRUE,FALSE,0,TRUE,TRUE,3,1
mosalah,TRUE,65719850,239,1093,274978.45,16,FALSE,FALSE,0,FALSE,TRUE,0,1
mickjagger,TRUE,3469162,78,541,44476.44,0,TRUE,FALSE,0,FALSE,TRUE,0,1
flowirtz,TRUE,4143932,320,356,12949.79,43,FALSE,FALSE,3,TRUE,TRUE,0,1
officialslystallone,TRUE,19171382,84,2227,228230.74,117,TRUE,FALSE,5,TRUE,TRUE,0,1
kloppo,TRUE,5241614,122,87,42964.05,15,FALSE,FALSE,0,TRUE,TRUE,0,1
jennifer.connelly,TRUE,1702617,107,188,15912.31,0,FALSE,FALSE,0,FALSE,TRUE,0,1
muhammadali,TRUE,7355057,71,1830,103592.35,52,TRUE,FALSE,0,TRUE,TRUE,0,1
naezythebaa,TRUE,1275474,125,381,10203.79,10,TRUE,FALSE,0,TRUE,TRUE,0,1
therealkapildev,TRUE,319160,29,92,11005.52,0,FALSE,FALSE,0,FALSE,TRUE,0,1
thedrogbaba,TRUE,228510,378,615,604.52,136,TRUE,FALSE,2,TRUE,TRUE,0,1
thejohnabraham,TRUE,11627655,11,910,1057059.55,0,TRUE,FALSE,0,FALSE,TRUE,0,1
islam_makhachev,TRUE,10641373,1060,2133,10039.03,102,TRUE,FALSE,0,TRUE,TRUE,0,1
josemourinho,TRUE,5524552,25,378,220982.08,52,TRUE,FALSE,0,TRUE,TRUE,0,1
shawnmichaels,TRUE,473146,4,52,118286.5,45,FALSE,FALSE,0,TRUE,TRUE,0,1
khabib_nurmagomedov,TRUE,39943388,556,4849,71840.63,0,FALSE,FALSE,0,FALSE,TRUE,0,1
iamsrk,TRUE,48011084,6,871,8001847.33,0,FALSE,FALSE,0,FALSE,TRUE,0,1
rickyponting,TRUE,657678,90,130,7307.53,125,TRUE,FALSE,0,TRUE,TRUE,0,1
thenotoriousmma,TRUE,46543806,3241,5020,14360.94,59,FALSE,FALSE,0,TRUE,TRUE,0,1
adele,TRUE,58136038,1,508,58136038,0,TRUE,FALSE,0,FALSE,TRUE,0,1
paulmccartney,TRUE,4698728,8,1121,587341,74,TRUE,FALSE,0,TRUE,TRUE,0,1
paulwalker,FALSE,18764015,19,700,987579.74,149,TRUE,FALSE,0,TRUE,TRUE,0,1
tomcruise,TRUE,14461661,64,118,225963.45,46,FALSE,FALSE,0,TRUE,TRUE,0,1
oliviarodrigo,TRUE,39531007,0,369,0,12,TRUE,FALSE,0,FALSE,TRUE,0,1
chrisevans,TRUE,17486995,2,12,8743497.5,64,TRUE,FALSE,1,TRUE,TRUE,0,1
kumarsanuofficial,TRUE,4029825,24,790,167909.38,23,TRUE,FALSE,0,FALSE,TRUE,0,1
andyrobertson94,TRUE,4571818,497,757,9198.83,0,FALSE,FALSE,0,FALSE,TRUE,2,1
mohitchauhanofficial,TRUE,322227,92,1435,3502.47,147,FALSE,FALSE,0,TRUE,TRUE,0,1
_schwim_,TRUE,7899709,0,36,0,0,FALSE,FALSE,0,FALSE,TRUE,0,1
mleblanc,TRUE,9951704,81,107,122860.54,0,FALSE,FALSE,0,FALSE,TRUE,0,1
bryancranston,TRUE,5537703,50,414,110754.06,51,TRUE,FALSE,1,TRUE,TRUE,0,1
jensenackles,TRUE,12451526,100,397,124515.26,0,FALSE,FALSE,0,FALSE,TRUE,0,1
marniemylah,TRUE,134609,108,39,1246.38,144,FALSE,FALSE,2,TRUE,TRUE,0,1
rogertaylorofficial,TRUE,1489143,57,519,26125.32,88,TRUE,FALSE,0,TRUE,TRUE,0,1
johnkrasinski,TRUE,4833127,98,232,49317.62,24,TRUE,FALSE,0,TRUE,TRUE,0,1
jakegyllenhaal,TRUE,8846003,168,108,52654.78,0,FALSE,FALSE,0,FALSE,TRUE,0,1
alissonbecker,TRUE,8773403,1248,1083,7029.97,18,FALSE,FALSE,0,TRUE,TRUE,0,1
amyadams,TRUE,966097,231,22,4182.24,92,TRUE,FALSE,2,TRUE,TRUE,0,1
ellyseperry,TRUE,2669679,215,350,12417.11,24,TRUE,FALSE,1,TRUE,TRUE,0,1
karlurban,TRUE,4532372,400,391,11330.93,0,TRUE,FALSE,0,FALSE,TRUE,0,1
rossltaylor3,TRUE,400058,299,199,1337.99,79,FALSE,FALSE,0,TRUE,TRUE,1,1
pele,TRUE,17552842,180,1065,97515.79,136,TRUE,FALSE,0,TRUE,TRUE,0,1
rogerfederer,TRUE,12989180,123,569,105603.09,20,TRUE,FALSE,0,TRUE,TRUE,0,1
trrrent_,TRUE,1592250,849,244,1875.44,105,FALSE,FALSE,4,TRUE,TRUE,0,1
singer_shaan,TRUE,1882040,188,546,10010.85,23,TRUE,FALSE,1,TRUE,TRUE,0,1
javedali4u,TRUE,669860,1040,899,644.1,150,TRUE,FALSE,0,TRUE,TRUE,1,1
pankajtripathi,TRUE,5049598,601,442,8401.99,23,FALSE,FALSE,0,TRUE,TRUE,0,1
bazmccullum42,TRUE,1187248,615,94,1930.48,111,FALSE,FALSE,2,TRUE,TRUE,2,1
caseyaffleck,TRUE,79911,304,0,262.87,0,FALSE,FALSE,0,FALSE,TRUE,0,1
ankittiwari,TRUE,1196734,139,2805,8609.6,128,TRUE,FALSE,2,TRUE,TRUE,0,1
sirkennethdalglish,TRUE,283558,104,46,2726.52,110,FALSE,FALSE,4,TRUE,TRUE,0,1
martinscorsese_,FALSE,2018129,317,149,6366.34,0,TRUE,FALSE,0,FALSE,TRUE,0,1
bajpayee.manoj,TRUE,4244830,746,1318,5690.12,5,FALSE,FALSE,0,FALSE,TRUE,0,1
jockowillink,TRUE,3108513,342,8714,9089.22,0,TRUE,FALSE,0,FALSE,TRUE,0,1
therealemraan,TRUE,4592276,674,851,6813.47,135,TRUE,FALSE,2,TRUE,TRUE,0,1
freddiemercury,TRUE,1398886,31,507,45125.35,147,TRUE,FALSE,0,TRUE,TRUE,0,1
jerryseinfeld,TRUE,1556116,708,400,2197.9,8,TRUE,FALSE,0,FALSE,TRUE,0,1
diogoj_18,TRUE,5210890,394,425,13225.61,38,FALSE,FALSE,2,TRUE,TRUE,2,1
faroutakhtar,TRUE,3926183,283,1949,13873.44,108,TRUE,FALSE,0,TRUE,TRUE,0,1
root66,TRUE,1394206,583,573,2391.43,121,TRUE,FALSE,5,TRUE,TRUE,2,1
morganfreeman,TRUE,4301054,119,561,36143.31,106,TRUE,FALSE,2,TRUE,TRUE,0,1
aaronpaul,FALSE,6450281,705,0,9149.33,147,TRUE,FALSE,2,TRUE,TRUE,0,1
natediaz209,TRUE,7131759,2915,1794,2446.57,46,TRUE,FALSE,2,TRUE,TRUE,3,1
danawhite,FALSE,10629686,2871,13342,3702.43,82,TRUE,TRUE,3,TRUE,TRUE,0,1
davidgoggins,TRUE,12934389,0,111,0,42,TRUE,FALSE,0,TRUE,TRUE,0,1
charles_leclerc,TRUE,19350132,1371,1410,14113.88,33,TRUE,FALSE,1,TRUE,TRUE,0,1
adnansamiworld,TRUE,938794,3381,631,277.67,150,FALSE,TRUE,0,TRUE,TRUE,0,1
ian_rush9,TRUE,864724,190,1776,4551.18,130,FALSE,FALSE,2,TRUE,TRUE,1,1
alysonhannigan,TRUE,2499274,347,759,7202.52,35,FALSE,FALSE,0,TRUE,TRUE,0,1
schwarzenegger,TRUE,26067275,293,1463,88966.81,114,TRUE,FALSE,0,TRUE,TRUE,0,1
pascalispunk,FALSE,11432464,698,952,16378.89,0,TRUE,FALSE,0,FALSE,TRUE,0,1
thewarner.sisters,TRUE,196969,147,213,1339.93,150,TRUE,FALSE,1,TRUE,TRUE,0,1
thiago6,TRUE,11663759,312,555,37383.84,46,TRUE,FALSE,2,TRUE,TRUE,1,1
raftaarmusic,TRUE,4124400,364,236,11330.77,23,TRUE,FALSE,1,TRUE,TRUE,0,1
nikolajwilliamcw,TRUE,2897737,445,311,6511.77,0,TRUE,FALSE,0,FALSE,TRUE,0,1
rainnwilson,TRUE,3774838,550,2194,6863.34,135,TRUE,FALSE,1,TRUE,TRUE,0,1
szoboszlaidominik,TRUE,3135380,332,463,9443.92,123,FALSE,FALSE,2,TRUE,TRUE,0,1
ringostarrmusic,TRUE,1507876,33,624,45693.21,72,TRUE,FALSE,0,TRUE,TRUE,0,1
livkatecooke,TRUE,1320635,833,46,1585.4,0,TRUE,FALSE,0,FALSE,TRUE,0,1
ryanholiday,TRUE,939939,940,2547,999.94,105,TRUE,FALSE,3,TRUE,TRUE,0,1
bendoak._,TRUE,351536,339,45,1036.98,85,FALSE,FALSE,4,TRUE,TRUE,0,1
nickdiaz209,TRUE,2191268,1930,1284,1135.37,20,TRUE,FALSE,0,TRUE,TRUE,3,1
abdevilliers17,TRUE,28651764,260,996,110199.09,14,TRUE,FALSE,0,FALSE,TRUE,2,1
markwahlberg,FALSE,31111856,555,3748,56057.4,118,TRUE,FALSE,6,TRUE,TRUE,0,1
kane_s_w,FALSE,3275927,379,207,8643.61,123,FALSE,FALSE,1,TRUE,TRUE,0,1
msjennafischer,TRUE,3927596,479,1426,8199.57,135,TRUE,FALSE,0,TRUE,TRUE,0,1
maxverstappen1,TRUE,15068331,702,2084,21464.86,60,TRUE,FALSE,1,TRUE,TRUE,1,1
mstarc56,TRUE,1095819,673,349,1628.26,0,TRUE,FALSE,0,FALSE,TRUE,2,1
stokesy,TRUE,3030530,1142,789,2653.7,107,TRUE,FALSE,7,TRUE,TRUE,0,1
kevinmagnussen,TRUE,1563632,435,1109,3594.56,71,TRUE,FALSE,2,TRUE,TRUE,0,1
charlieputh,TRUE,18468496,433,231,42652.42,0,FALSE,FALSE,0,FALSE,TRUE,0,1
marnus3,TRUE,900003,762,638,1181.11,52,TRUE,FALSE,1,TRUE,TRUE,1,1
valtteribottas,TRUE,4888050,736,3381,6641.37,141,TRUE,FALSE,7,TRUE,TRUE,0,1
rafaelnadal,TRUE,21587696,446,1801,48402.91,34,TRUE,TRUE,0,FALSE,TRUE,0,1
emmaziadarcy,TRUE,1455792,1091,183,1334.36,86,TRUE,FALSE,2,TRUE,TRUE,0,1
annabellewallis,FALSE,1010756,1786,1885,565.93,0,FALSE,FALSE,0,FALSE,TRUE,0,1
courteneycoxofficial,TRUE,15067157,972,528,15501.19,50,TRUE,FALSE,1,TRUE,TRUE,0,1
stevengerrard,TRUE,11721632,824,1396,14225.28,110,FALSE,FALSE,1,TRUE,TRUE,0,1
tclottery_army,TRUE,13690,6,617,2281.67,118,TRUE,TRUE,0,TRUE,FALSE,0,0
earning_tips___03,TRUE,8924,4,1036,2231,130,TRUE,TRUE,2,TRUE,FALSE,2,0
earning_tips___02,TRUE,26156,5,877,5231.2,132,TRUE,TRUE,2,TRUE,FALSE,2,0
earning_tips___01,TRUE,57344,7,993,8192,122,TRUE,TRUE,2,TRUE,FALSE,2,0
goldtradingindo,TRUE,2780,26,238,106.92,150,TRUE,TRUE,0,TRUE,FALSE,0,0
bitcoin_trading_ethereum,TRUE,1227,5338,24,0.23,148,FALSE,TRUE,0,FALSE,FALSE,0,0
tradingwithjay1,TRUE,264,516,74,0.51,82,FALSE,TRUE,0,TRUE,FALSE,1,0
crypto_recovery_services1,TRUE,231,937,104,0.25,137,FALSE,TRUE,0,TRUE,FALSE,1,0
online_casino_id_anurag,TRUE,3004,2557,311,1.17,129,FALSE,FALSE,2,TRUE,FALSE,0,0
bitcoin_investmest_,TRUE,352,7,16,50.29,93,TRUE,TRUE,0,TRUE,FALSE,0,0
_trading_guruji_01,TRUE,413,18,21,22.94,113,FALSE,FALSE,0,TRUE,FALSE,2,0
__bitcoin___trading__,TRUE,3086,424,62,7.28,69,TRUE,FALSE,0,TRUE,FALSE,0,0
without_investment_earning_app,TRUE,643,2958,21,0.22,146,FALSE,TRUE,0,TRUE,FALSE,0,0
earning_without_investment55,TRUE,1524,2206,1245,0.69,34,FALSE,TRUE,0,FALSE,FALSE,2,0
make_money_easy___,TRUE,1863,7025,236,0.27,133,TRUE,FALSE,0,TRUE,FALSE,0,0
online_earning_free_app,TRUE,3944,3170,224,1.24,67,TRUE,TRUE,0,TRUE,FALSE,0,0
online_ernig_work,TRUE,65,405,4,0.16,124,FALSE,FALSE,0,TRUE,FALSE,0,0
real_cash_earning_games,TRUE,244,9,10,27.11,49,TRUE,FALSE,0,TRUE,FALSE,0,0
follow._4._.followback,TRUE,1327,1575,6,0.84,75,FALSE,FALSE,0,TRUE,FALSE,1,0
follow_4__follow_back,TRUE,1172,1341,16,0.87,147,FALSE,TRUE,0,TRUE,FALSE,1,0
earning.king.1000,TRUE,16,1,6,16,43,TRUE,TRUE,0,TRUE,FALSE,4,0
new_videos__143,TRUE,1751,2,5,875.5,75,TRUE,FALSE,0,TRUE,FALSE,3,0
free_earning.app_,TRUE,497,68,129,7.31,128,TRUE,TRUE,0,TRUE,FALSE,0,0
free.crypto.cash,TRUE,42,359,1,0.12,73,TRUE,TRUE,0,TRUE,FALSE,0,0
free_earning_crypto_and_cash,TRUE,2,0,3,0,115,TRUE,TRUE,0,TRUE,FALSE,0,0
executivestocks,TRUE,1308,0,37,0,28,TRUE,FALSE,0,TRUE,FALSE,0,0
sohel_21938,FALSE,0,0,0,0,0,FALSE,FALSE,0,FALSE,FALSE,5,0
quie.tg,FALSE,0,0,0,0,0,FALSE,FALSE,0,FALSE,FALSE,0,0
not_so_calm_fullfrustation,FALSE,0,8,0,0,0,FALSE,FALSE,0,FALSE,FALSE,0,0
bestiess511,TRUE,6,125,1,0.05,0,FALSE,FALSE,0,FALSE,FALSE,3,0
sexy_doll_1436,FALSE,4,1,0,4,0,FALSE,FALSE,0,FALSE,FALSE,4,0
viral_xx___mms,TRUE,386,147,202,2.63,1,TRUE,FALSE,0,TRUE,FALSE,0,0
janvipetel8,TRUE,3587,109,64,32.91,113,TRUE,FALSE,0,TRUE,FALSE,1,0
kanaada_paid_priya,TRUE,9796,28,107,349.86,72,TRUE,FALSE,1,TRUE,FALSE,0,0
_tamil_video_call,TRUE,5048,69,184,73.16,56,TRUE,FALSE,0,TRUE,FALSE,0,0
_paytm_girl_069,TRUE,526,92,1,5.72,0,FALSE,FALSE,0,FALSE,FALSE,3,0
____eudhd,FALSE,0,0,0,0,0,FALSE,FALSE,0,FALSE,FALSE,0,0
money_halp_4,TRUE,125,380,4,0.33,59,FALSE,FALSE,0,FALSE,FALSE,1,0
padmameena58,TRUE,3787,7495,2,0.51,50,FALSE,FALSE,0,FALSE,FALSE,2,0
hot_fun_girl_vedio_call,TRUE,455,64,9,7.11,23,FALSE,TRUE,0,FALSE,FALSE,0,0
fake_note_currency457,TRUE,406,177,13,2.29,119,FALSE,FALSE,0,TRUE,FALSE,3,0
anshuabc2025,FALSE,1,1,0,1,0,FALSE,FALSE,0,FALSE,FALSE,4,0
_bored_guy_314,FALSE,0,53,0,0,0,FALSE,FALSE,0,FALSE,FALSE,3,0
xacier99,FALSE,0,4,0,0,0,FALSE,FALSE,0,FALSE,FALSE,2,0
55.55559321,FALSE,0,0,0,0,0,FALSE,FALSE,0,FALSE,FALSE,11,0
tamil_vedio_call_sapna_10,TRUE,8349,26,148,321.12,132,TRUE,FALSE,0,TRUE,FALSE,2,0
freefollowers_1000,TRUE,1780,576,0,3.09,134,TRUE,TRUE,1,TRUE,FALSE,4,0
freecash.uk,TRUE,3271,0,1,0,149,TRUE,TRUE,0,TRUE,FALSE,0,0
cryptofundtrader,TRUE,11558,1,561,11558,146,TRUE,TRUE,2,TRUE,FALSE,0,0
e8marketscom,TRUE,56579,51,282,1109.39,36,TRUE,TRUE,0,TRUE,FALSE,1,0
toponetrader,TRUE,33980,29,1430,1171.72,147,TRUE,FALSE,0,TRUE,FALSE,0,0
free._bitcoin,TRUE,3708,27,4,137.33,76,FALSE,FALSE,0,FALSE,FALSE,0,0
mining.bitcoin.app,TRUE,139,74,9,1.88,145,FALSE,TRUE,0,TRUE,FALSE,0,0
trading_money_doubling1,TRUE,1135,2740,1,0.41,14,FALSE,TRUE,0,FALSE,FALSE,1,0
earning_online_mon2y_,TRUE,16320,2,2,8160,150,TRUE,FALSE,0,TRUE,FALSE,1,0
free_cash_money_stocks_coupons,TRUE,1101,6480,49,0.17,123,TRUE,TRUE,0,TRUE,FALSE,0,0
free_.followers_.10k,TRUE,110,2,1,55,0,TRUE,FALSE,0,FALSE,FALSE,2,0
currency.mart_,TRUE,1313,0,17,0,94,TRUE,TRUE,0,TRUE,FALSE,0,0
jayu.king_02,TRUE,45,12,8,3.75,76,FALSE,FALSE,0,TRUE,FALSE,2,0
real_money_game07,TRUE,77,213,12,0.36,50,TRUE,FALSE,0,TRUE,FALSE,2,0
smartmoney.777,TRUE,129,239,6,0.54,1,TRUE,FALSE,0,TRUE,FALSE,3,0
safe_betting_sk,TRUE,5430,2,60,2715,149,TRUE,FALSE,0,TRUE,FALSE,0,0
safe_betting_tips_uk,TRUE,80,175,5,0.46,124,TRUE,TRUE,0,TRUE,FALSE,0,0
online_.money._making,TRUE,532,5,209,106.4,122,TRUE,TRUE,0,TRUE,FALSE,0,0
money_makeing_is_so_easy0,TRUE,4,10,22,0.4,133,TRUE,TRUE,0,TRUE,FALSE,1,0
online_money_earning_official,TRUE,1165,0,756,0,29,TRUE,TRUE,0,FALSE,FALSE,0,0
casinoonlineuruguayo,TRUE,10503,758,21,13.86,143,FALSE,FALSE,0,TRUE,FALSE,0,0
cashonline.ar,TRUE,2503,0,243,0,87,TRUE,FALSE,0,TRUE,FALSE,0,0
cashonline.py,TRUE,2718,22,58,123.55,86,TRUE,FALSE,0,TRUE,FALSE,0,0
cash_online_,TRUE,30,130,31,0.23,149,FALSE,TRUE,0,TRUE,FALSE,0,0
cash_online,FALSE,35,147,6,0.24,0,FALSE,FALSE,0,FALSE,FALSE,0,0
sena_tips,TRUE,47817,7216,2252,6.63,149,TRUE,TRUE,0,TRUE,FALSE,0,0
online__trading_apps,TRUE,186,163,10,1.14,136,FALSE,TRUE,0,TRUE,FALSE,0,0
a2zlotteryagent,TRUE,3,0,10,0,93,TRUE,TRUE,0,TRUE,FALSE,1,0
free_1000_rupees_daily,TRUE,26,237,2,0.11,148,TRUE,TRUE,0,TRUE,FALSE,4,0
freeinternshipworld,TRUE,4381,19,194,230.58,104,TRUE,TRUE,0,TRUE,FALSE,0,0
free.internship,TRUE,272,70,21,3.89,143,TRUE,TRUE,0,TRUE,FALSE,0,0
lottery_follwer,TRUE,272,172,60,1.58,31,TRUE,TRUE,0,FALSE,FALSE,0,0
loto_box__online,TRUE,6409,9,0,712.11,105,FALSE,FALSE,2,TRUE,FALSE,0,0
morecryptoonline_official,TRUE,11243,62,3285,181.34,114,TRUE,TRUE,0,TRUE,FALSE,0,0
crypsimple_com,TRUE,20481,304,1842,67.37,149,TRUE,TRUE,0,TRUE,FALSE,0,0
onlinecasino.instant,TRUE,65,176,2,0.37,141,FALSE,TRUE,0,TRUE,FALSE,0,0
instant_cash_loan_,TRUE,80,137,2,0.58,0,TRUE,FALSE,0,FALSE,FALSE,0,0
money_making360,FALSE,45,325,7,0.14,136,FALSE,TRUE,0,TRUE,FALSE,3,0
make.money_onlines,FALSE,494,2319,9,0.21,127,FALSE,TRUE,0,TRUE,FALSE,0,0
online_fun_divvya,TRUE,133,48,21,2.77,13,TRUE,FALSE,0,FALSE,FALSE,0,0
online_fun143,TRUE,72,238,0,0.3,84,FALSE,TRUE,0,FALSE,FALSE,3,0
indin_sexi_video_call.servise,TRUE,241,101,48,2.39,130,TRUE,FALSE,0,TRUE,FALSE,0,0
indin_sexi_video_call_servise,TRUE,8026,79,751,101.59,130,TRUE,TRUE,0,TRUE,FALSE,0,0
video_call_full_enjoy,TRUE,1335,5,19,267,0,FALSE,FALSE,0,FALSE,FALSE,0,0
_paytm_girl_069,TRUE,526,92,1,5.72,0,FALSE,FALSE,0,FALSE,FALSE,3,0
akansha_paytm_girl,TRUE,315,312,3,1.01,15,FALSE,FALSE,0,TRUE,FALSE,0,0
shivani_fun11,TRUE,425,214,1,1.99,0,FALSE,FALSE,0,FALSE,FALSE,2,0
romanic_girl,TRUE,1186,63,13,18.83,50,FALSE,TRUE,0,TRUE,FALSE,0,0
calling_girl__,TRUE,77,0,5,0,1,FALSE,FALSE,0,TRUE,FALSE,0,0
_gao_callgirl9,TRUE,32,20,1,1.6,7,TRUE,FALSE,0,FALSE,FALSE,1,0
7218whatapgirlsxyvideoca,TRUE,183,63,0,2.9,0,FALSE,FALSE,0,FALSE,FALSE,4,0
paytm_prachi_1031997,TRUE,214,534,2,0.4,58,FALSE,FALSE,0,TRUE,FALSE,7,0
pagli_girl_m,TRUE,7557,75,105,100.76,138,FALSE,FALSE,0,TRUE,FALSE,0,0
mastimasala_x,TRUE,225309,0,39,0,24,TRUE,FALSE,0,TRUE,FALSE,0,0
sex_chat_service_65,TRUE,135,14,5,9.64,13,FALSE,FALSE,0,FALSE,FALSE,2,0
sex_chat_service_9099,TRUE,257,49,70,5.24,13,FALSE,FALSE,0,FALSE,FALSE,4,0
double_money__1,TRUE,16191,5134,253,3.15,78,TRUE,TRUE,0,TRUE,FALSE,1,0
trading_real_money,TRUE,19,0,13,0,145,TRUE,TRUE,0,TRUE,FALSE,0,0
riyan_vedik_traders_5055,TRUE,531,98,108,5.42,124,TRUE,TRUE,0,TRUE,FALSE,4,0
vijay_traders_9999,TRUE,5,2,10,2.5,27,FALSE,FALSE,0,TRUE,FALSE,4,0
tradewithbullionexpert,TRUE,358,929,161,0.39,73,TRUE,TRUE,0,TRUE,FALSE,0,0
stocksurge360,TRUE,91,314,147,0.29,145,FALSE,TRUE,0,TRUE,FALSE,3,0
330formula_robot,TRUE,478,0,210,0,142,TRUE,TRUE,0,TRUE,FALSE,3,0
marwadi_trading_,TRUE,1039,7329,111,0.14,93,TRUE,TRUE,0,TRUE,FALSE,0,0
rocket_algo,TRUE,1559,176,1342,8.86,111,TRUE,FALSE,0,TRUE,FALSE,0,0
mind_blowing_trader_,TRUE,152,37,30,4.11,56,FALSE,TRUE,0,TRUE,FALSE,0,0
sptm.00,TRUE,2320,1461,0,1.59,55,TRUE,FALSE,0,TRUE,FALSE,2,0
maa_meri_jaan__205,TRUE,251758,10,2391,25175.8,95,FALSE,FALSE,0,TRUE,FALSE,3,0
total_fun_95,TRUE,26763,3,69,8921,86,TRUE,TRUE,0,TRUE,FALSE,2,0
____kyuti__,TRUE,90826,496,77,183.12,107,FALSE,FALSE,0,TRUE,FALSE,0,0
money__finder__,TRUE,14,127,10,0.11,105,TRUE,TRUE,0,TRUE,FALSE,0,0
earning_free___,TRUE,193,7,30,27.57,24,TRUE,FALSE,1,TRUE,FALSE,0,0
many_help_0078,TRUE,177,162,6,1.09,0,FALSE,FALSE,0,FALSE,FALSE,4,0
fastearning_,TRUE,2408,5793,223,0.42,84,FALSE,TRUE,0,TRUE,FALSE,0,0
fast_.earning,TRUE,4,6,15,0.67,64,TRUE,TRUE,0,TRUE,FALSE,0,0
sainikrishnaer,TRUE,1136,1,76,1136,94,TRUE,TRUE,0,TRUE,FALSE,0,0
fast_earning_3,FALSE,508,12,7,42.33,122,FALSE,TRUE,0,TRUE,FALSE,1,0
dollar_earning_09_,TRUE,8,18,14,0.44,84,FALSE,TRUE,0,TRUE,FALSE,2,0
millionaire.income,TRUE,914,861,14,1.06,142,FALSE,TRUE,0,TRUE,FALSE,0,0
dollarearn077,TRUE,807,3649,68,0.22,114,TRUE,TRUE,0,TRUE,FALSE,3,0
free_dogecoin_,TRUE,309,937,6,0.33,116,FALSE,TRUE,0,TRUE,FALSE,0,0
dogecoinmining,TRUE,360,1277,18,0.28,93,FALSE,TRUE,0,TRUE,FALSE,0,0
freedogecoin,TRUE,70,29,1,2.41,53,FALSE,FALSE,0,TRUE,FALSE,0,0
digi_shop1999,TRUE,130,737,0,0.18,110,TRUE,TRUE,0,TRUE,FALSE,4,0
doube_your_money,TRUE,227,13,0,17.46,0,FALSE,FALSE,0,FALSE,FALSE,0,0
online_games_funds,TRUE,35,1,2,35,67,TRUE,TRUE,0,TRUE,FALSE,0,0
mywaysip,TRUE,49,38,15,1.29,59,TRUE,FALSE,0,TRUE,FALSE,0,0
tamil_aaysha_232,TRUE,18218,65,123,280.28,3,TRUE,FALSE,0,FALSE,FALSE,3,0
mutual_funds_online,FALSE,158,305,1068,0.52,31,TRUE,FALSE,0,TRUE,FALSE,0,0
onlinefundscreation,TRUE,5,145,2,0.03,94,TRUE,TRUE,0,TRUE,FALSE,0,0
desi_tamil_girl_mansi01,TRUE,144821,27,763,5363.74,39,TRUE,FALSE,0,TRUE,FALSE,2,0
tamil_chenai_girl,TRUE,33362,23,582,1450.52,78,TRUE,FALSE,0,TRUE,FALSE,0,0
tamil_vc_aditi76,TRUE,5854,30,414,195.13,0,TRUE,FALSE,0,FALSE,FALSE,2,0
tamil_video_call_selja_,TRUE,7504,83,236,90.41,18,TRUE,FALSE,0,TRUE,FALSE,0,0
get_rich_onlineee,TRUE,26763,3,199,8921,111,TRUE,TRUE,0,TRUE,FALSE,0,0
get_rich_consulting,TRUE,9256,3,19,3085.33,122,TRUE,FALSE,0,TRUE,FALSE,0,0
getrich__online,TRUE,1254,25,10,50.16,132,FALSE,TRUE,0,TRUE,FALSE,0,0
_get_rich_online_,TRUE,168,249,3,0.67,148,FALSE,TRUE,0,TRUE,FALSE,0,0
_get.rich.online_,TRUE,22,5,7,4.4,116,TRUE,TRUE,0,TRUE,FALSE,0,0
tata_group__money__help__10,TRUE,368,79,10,4.66,119,FALSE,TRUE,0,TRUE,FALSE,2,0
_instant_money_,TRUE,42,22,11,1.91,150,FALSE,TRUE,0,TRUE,FALSE,0,0
instant_crypto,TRUE,7529,29,28,259.62,143,FALSE,TRUE,2,TRUE,FALSE,0,0
instant_free_crypto,TRUE,411,323,13,1.27,89,TRUE,TRUE,0,TRUE,FALSE,0,0
crypto_instant_exchange,TRUE,91,346,2,0.26,148,FALSE,TRUE,0,TRUE,FALSE,0,0
